episode_reward_max,episode_reward_min,episode_reward_mean,episode_len_mean,episodes_this_iter,num_healthy_workers,timesteps_total,done,episodes_total,training_iteration,experiment_id,date,timestamp,time_this_iter_s,time_total_s,pid,hostname,node_ip,time_since_restore,timesteps_since_restore,iterations_since_restore,success,crash,out,max_step,cost,length,takeover,trial_id,experiment_tag,hist_stats/episode_reward,hist_stats/episode_lengths,timers/learn_time_ms,timers/learn_throughput,info/pid_error,info/mean_online_episode_cost,info/num_steps_sampled,info/num_steps_trained,info/last_target_update_ts,info/num_target_updates,perf/cpu_util_percent,perf/ram_util_percent,info/learner/default_policy/mean_td_error,info/learner/default_policy/mean_c_td_error,info/learner/default_policy/actor_loss,info/learner/default_policy/critic_loss,info/learner/default_policy/cost_critic_loss,info/learner/default_policy/alpha_loss,info/learner/default_policy/lambda_value,info/learner/default_policy/alpha_value,info/learner/default_policy/target_entropy,info/learner/default_policy/c_td_target,info/learner/default_policy/mean_q,info/learner/default_policy/mean_c_q,info/learner/default_policy/max_q,info/learner/default_policy/max_c_q,info/learner/default_policy/min_q,info/learner/default_policy/min_c_q,info/learner/default_policy/c_q_tp1,info/learner/default_policy/mean_batch_cost,info/learner/default_policy/reward_loss,info/learner/default_policy/cost_loss
nan,nan,nan,nan,0,0,100,False,0,1,c052614c78214728bd60aae7d7c29ced,2025-07-14_15-45-46,1752522346,25.832053184509277,25.832053184509277,1607147,pouyan-XPS-15-9500,192.168.2.18,25.832053184509277,0,1,nan,nan,nan,nan,nan,nan,nan,10197_00000,0_seed=0,[],[],409.137,2502.832,0,0,100,1024,100,1,17.181081081081082,54.3162162162162,0.9748379,0.060676977,-0.7943006,0.68021774,0.0038602413,-0.0,1e-08,1.0,-2,-0.06931141,-0.26347378,0.013173991,-0.2236517,0.057069194,-0.28636396,-0.054127842,-0.07172946,0.0017007557,-0.72236955,-0.07193109
nan,nan,nan,nan,0,0,200,False,0,2,c052614c78214728bd60aae7d7c29ced,2025-07-14_15-46-05,1752522365,18.7056884765625,44.53774166107178,1607147,pouyan-XPS-15-9500,192.168.2.18,44.53774166107178,0,2,nan,nan,nan,nan,nan,nan,nan,10197_00000,0_seed=0,[],[],49.455,20705.563,0,0,200,103424,200,51,34.52222222222222,54.20370370370371,0.31846714,0.021908682,-2.7489395,-0.9833472,0.0017874446,-0.033259176,1e-08,0.99000674,-2,-0.03407063,1.3460288,-0.040895987,1.8628821,-0.016491685,0.9874468,-0.07460491,-0.036132712,0.0017007557,-2.7057483,-0.04319124
nan,nan,nan,nan,0,0,300,False,0,3,c052614c78214728bd60aae7d7c29ced,2025-07-14_15-46-24,1752522384,19.405455589294434,63.94319725036621,1607147,pouyan-XPS-15-9500,192.168.2.18,63.94319725036621,0,3,nan,nan,nan,nan,nan,nan,nan,10197_00000,0_seed=0,[],[],47.715,21460.608,0,0,300,205824,300,101,33.775,54.22500000000001,0.8026794,0.012297146,-2.6167479,-3.8085504,0.00012803319,-0.060442872,1e-08,0.9803949,-2,-0.029477838,1.4044927,-0.026172986,2.756806,0.0042822906,0.08332498,-0.057192724,-0.029775593,0.0,-2.5826988,-0.034048952
nan,nan,nan,nan,0,0,400,False,0,4,c052614c78214728bd60aae7d7c29ced,2025-07-14_15-46-42,1752522402,18.19487500190735,82.13807225227356,1607147,pouyan-XPS-15-9500,192.168.2.18,82.13807225227356,0,4,nan,nan,nan,nan,nan,nan,nan,10197_00000,0_seed=0,[],[],47.404,21601.399,0,0,400,308224,400,151,32.661538461538456,54.22307692307693,1.6021507,0.010153204,-2.8167942,-10.966694,0.0004683702,-0.06309907,1e-08,0.9720935,-2,-0.023272377,1.2771311,-0.02633793,4.9258485,0.0055053425,-2.63863,-0.065587245,-0.024831392,0.0013107012,-2.784998,-0.031796057
307.74489122256864,307.74489122256864,307.74489122256864,406.0,1,0,500,False,1,5,c052614c78214728bd60aae7d7c29ced,2025-07-14_15-47-00,1752522420,17.936829805374146,100.0749020576477,1607147,pouyan-XPS-15-9500,192.168.2.18,100.0749020576477,0,5,1.0,0.0,0.0,0.0,0.0,406.0,390.0,10197_00000,0_seed=0,[307.74489122256864],[406],45.556,22477.831,[-0.58734703],[2.41265297],500,410624,500,201,33.931999999999995,54.29599999999999,2.1386008,0.010547226,-1.7094858,-24.445137,0.00046803843,-0.049393974,0.6613648,0.9657276,-2,-0.02477334,0.6539708,-0.022209581,5.608715,0.018385358,-8.716941,-0.05737714,-0.026347516,0.0013107012,-1.6846287,-0.02485691
307.74489122256864,307.74489122256864,307.74489122256864,406.0,0,0,600,False,1,6,c052614c78214728bd60aae7d7c29ced,2025-07-14_15-47-19,1752522439,18.743653774261475,118.81855583190918,1607147,pouyan-XPS-15-9500,192.168.2.18,118.81855583190918,0,6,1.0,0.0,0.0,0.0,0.0,406.0,390.0,10197_00000,0_seed=0,[307.74489122256864],[406],44.77,22872.446,[-0.58734703],[2.41265297],600,513024,600,251,34.04814814814815,54.30370370370369,2.9944248,0.009738928,-2.6594005,-34.0398,0.0015608857,-0.037328362,0.6613648,0.9612055,-2,-0.025916416,1.2170248,-0.03034468,11.980338,0.06834372,-15.112618,-0.06362295,-0.028607152,0.0023561064,-2.6265538,-0.032846846
307.74489122256864,307.74489122256864,307.74489122256864,406.0,0,0,700,False,1,7,c052614c78214728bd60aae7d7c29ced,2025-07-14_15-47-39,1752522459,19.488190412521362,138.30674624443054,1607147,pouyan-XPS-15-9500,192.168.2.18,138.30674624443054,0,7,1.0,0.0,0.0,0.0,0.0,406.0,390.0,10197_00000,0_seed=0,[307.74489122256864],[406],46.067,22228.689,[-0.58734703],[2.41265297],700,615424,700,301,33.28928571428572,54.35714285714285,3.8320494,0.007703665,-4.4243975,-37.13194,6.5647815e-05,-0.025983687,0.6613648,0.95825326,-2,-0.029522337,2.2771528,-0.030016063,17.670298,0.018021848,-20.99404,-0.06293825,-0.029846665,0.0,-4.388646,-0.035751488
307.74489122256864,304.28734527113363,306.01611824685114,399.0,1,0,800,False,2,8,c052614c78214728bd60aae7d7c29ced,2025-07-14_15-47-57,1752522477,18.343221426010132,156.64996767044067,1607147,pouyan-XPS-15-9500,192.168.2.18,156.64996767044067,0,8,1.0,0.0,0.0,0.0,0.0,399.0,381.0,10197_00000,0_seed=0,"[304.28734527113363, 307.74489122256864]","[392, 406]",43.463,23560.481,[-1.61417627],[1.38582373],800,717824,800,351,31.726923076923075,54.29615384615384,4.409343,0.011055792,-5.5499563,-32.216972,0.0017539801,-0.00974592,0.6056308,0.9565724,-2,-0.02707257,3.1876056,-0.022083558,21.871527,0.10557769,-25.193275,-0.07417154,-0.030784136,0.0033620377,-5.5202365,-0.02972021
307.74489122256864,304.28734527113363,306.01611824685114,399.0,0,0,900,False,2,9,c052614c78214728bd60aae7d7c29ced,2025-07-14_15-48-15,1752522495,18.236262559890747,174.88623023033142,1607147,pouyan-XPS-15-9500,192.168.2.18,174.88623023033142,0,9,1.0,0.0,0.0,0.0,0.0,399.0,381.0,10197_00000,0_seed=0,"[307.74489122256864, 304.28734527113363]","[406, 392]",47.167,21710.142,[-1.61417627],[1.38582373],900,820224,900,401,33.833333333333336,54.29999999999999,4.4507446,0.007626536,-4.4280953,-34.967957,0.0003078223,-0.00884411,0.6056308,0.95576537,-2,-0.031590108,2.7101173,-0.028880127,22.337318,0.019683616,-27.747456,-0.07918548,-0.033118322,0.0011468354,-4.394968,-0.033127904
307.74489122256864,304.28734527113363,306.01611824685114,399.0,0,0,1000,False,2,10,c052614c78214728bd60aae7d7c29ced,2025-07-14_15-48-35,1752522515,19.10502576828003,193.99125599861145,1607147,pouyan-XPS-15-9500,192.168.2.18,193.99125599861145,0,10,1.0,0.0,0.0,0.0,0.0,399.0,381.0,10197_00000,0_seed=0,"[307.74489122256864, 304.28734527113363]","[406, 392]",50.396,20318.923,[-1.61417627],[1.38582373],1000,922624,1000,451,33.548148148148144,54.340740740740735,4.3749223,0.009256318,-5.2778387,-32.90529,0.0013374987,-0.001586366,0.6056308,0.9555187,-2,-0.03155967,3.5631356,-0.03570061,24.029451,0.114179604,-28.121065,-0.07967409,-0.034006983,0.0020513362,-5.2369637,-0.04087592
307.74489122256864,216.675012877863,276.23574979052177,366.0,1,0,1100,False,3,11,c052614c78214728bd60aae7d7c29ced,2025-07-14_15-48-54,1752522534,19.566425323486328,213.55768132209778,1607147,pouyan-XPS-15-9500,192.168.2.18,213.55768132209778,0,11,0.6666666666666666,0.0,0.3333333333333333,0.0,0.3333333333333333,366.0,351.0,10197_00000,0_seed=0,"[216.675012877863, 307.74489122256864, 304.28734527113363]","[300, 406, 392]",45.418,22546.186,[-2.02802221],[0.97197779],1100,1025024,1100,501,33.41071428571429,54.278571428571425,4.498019,0.0063138604,-4.369987,-26.424217,4.3310516e-05,0.001044624,0.57808876,0.9555974,-2,-0.03424801,3.3015423,-0.036886275,23.66384,0.015194616,-27.019955,-0.080538124,-0.03460607,0.0,-4.3303814,-0.039605737
307.74489122256864,216.675012877863,276.23574979052177,366.0,0,0,1200,False,3,12,c052614c78214728bd60aae7d7c29ced,2025-07-14_15-49-13,1752522553,18.223192930221558,231.78087425231934,1607147,pouyan-XPS-15-9500,192.168.2.18,231.78087425231934,0,12,0.6666666666666666,0.0,0.3333333333333333,0.0,0.3333333333333333,366.0,351.0,10197_00000,0_seed=0,"[307.74489122256864, 304.28734527113363, 216.675012877863]","[406, 392, 300]",45.676,22418.627,[-2.02802221],[0.97197779],1200,1127424,1200,551,33.01923076923077,54.36538461538461,4.000934,0.0070545953,-3.6956165,-33.076393,4.6907466e-05,0.0034564775,0.57808876,0.95601314,-2,-0.034735113,3.6012325,-0.033549763,24.82061,0.011078392,-30.913095,-0.089650825,-0.035170887,0.0,-3.6527023,-0.042913884
307.74489122256864,216.675012877863,276.23574979052177,366.0,0,0,1300,False,3,13,c052614c78214728bd60aae7d7c29ced,2025-07-14_15-49-32,1752522572,18.97082233428955,250.7516965866089,1607147,pouyan-XPS-15-9500,192.168.2.18,250.7516965866089,0,13,0.6666666666666666,0.0,0.3333333333333333,0.0,0.3333333333333333,366.0,351.0,10197_00000,0_seed=0,"[307.74489122256864, 304.28734527113363, 216.675012877863]","[406, 392, 300]",49.259,20788.222,[-2.02802221],[0.97197779],1300,1229824,1300,601,33.25555555555555,54.388888888888886,3.3659506,0.008074462,0.46092665,-33.397186,0.0010946225,0.020629166,0.57808876,0.9574824,-2,-0.031359017,0.87689984,-0.033531666,24.959522,0.053351134,-34.025978,-0.08183919,-0.034345224,0.0025498238,0.49689323,-0.035966564
307.74489122256864,216.675012877863,276.23574979052177,366.0,0,0,1400,False,3,14,c052614c78214728bd60aae7d7c29ced,2025-07-14_15-49-51,1752522591,19.478824138641357,270.23052072525024,1607147,pouyan-XPS-15-9500,192.168.2.18,270.23052072525024,0,14,0.6666666666666666,0.0,0.3333333333333333,0.0,0.3333333333333333,366.0,351.0,10197_00000,0_seed=0,"[307.74489122256864, 304.28734527113363, 216.675012877863]","[406, 392, 300]",47.493,21561.016,[-2.02802221],[0.97197779],1400,1332224,1400,651,33.00714285714285,54.324999999999996,3.7126563,0.014887039,0.5887133,-30.191933,0.0020389995,0.023899177,0.57808876,0.9613073,-2,-0.028501749,0.7341643,-0.040992707,24.115536,0.032960676,-37.28294,-0.07768651,-0.033177596,0.0043440694,0.6316808,-0.042967312
307.74489122256864,216.675012877863,283.0473273804526,371.5,1,0,1500,False,4,15,c052614c78214728bd60aae7d7c29ced,2025-07-14_15-50-10,1752522610,18.278456926345825,288.50897765159607,1607147,pouyan-XPS-15-9500,192.168.2.18,288.50897765159607,0,15,0.75,0.0,0.25,0.0,0.25,371.5,335.5,10197_00000,0_seed=0,"[303.48206015024505, 307.74489122256864, 304.28734527113363, 216.675012877863]","[388, 406, 392, 300]",45.435,22537.845,[2.01538054],[5.01538054],1500,1434624,1500,701,31.13461538461538,54.31923076923077,4.1885037,0.016703118,0.9241406,-14.191517,0.004387349,0.019450959,0.7868629,0.96561706,-2,-0.021785045,0.28352523,-0.026604082,23.138783,0.03409707,-37.861923,-0.076278836,-0.03145784,0.009172004,0.95200706,-0.027866498
307.74489122256864,216.675012877863,283.04732738045254,371.5,0,0,1600,False,4,16,c052614c78214728bd60aae7d7c29ced,2025-07-14_15-50-28,1752522628,18.50423550605774,307.0132131576538,1607147,pouyan-XPS-15-9500,192.168.2.18,307.0132131576538,0,16,0.75,0.0,0.25,0.0,0.25,371.5,335.5,10197_00000,0_seed=0,"[307.74489122256864, 304.28734527113363, 216.675012877863, 303.48206015024505]","[406, 392, 300, 388]",47.595,21514.962,[2.01538054],[5.01538054],1600,1537024,1600,751,32.62222222222222,54.31851851851851,3.8051167,0.03027649,3.0388317,-23.152203,0.004760482,0.017156176,0.7868629,0.970006,-2,-0.020580411,-1.2493591,-0.050780267,21.331974,0.029806908,-44.281162,-0.1233151,-0.029525429,0.008600841,3.0896068,-0.05077479
307.74489122256864,216.675012877863,283.04732738045254,371.5,0,0,1700,False,4,17,c052614c78214728bd60aae7d7c29ced,2025-07-14_15-50-47,1752522647,19.22335433959961,326.2365674972534,1607147,pouyan-XPS-15-9500,192.168.2.18,326.2365674972534,0,17,0.75,0.0,0.25,0.0,0.25,371.5,335.5,10197_00000,0_seed=0,"[307.74489122256864, 304.28734527113363, 216.675012877863, 303.48206015024505]","[406, 392, 300, 388]",46.463,22039.262,[2.01538054],[5.01538054],1700,1639424,1700,801,33.06666666666666,54.229629629629635,4.2648196,0.019153127,2.906211,-11.18275,0.0043111714,0.0131591875,0.7868629,0.975217,-2,-0.017866973,-0.8993432,-0.018992206,20.703941,0.08611417,-41.326786,-0.08007421,-0.027131345,0.008919021,2.9256508,-0.019439876
307.74489122256864,216.675012877863,283.04732738045254,371.5,0,0,1800,False,4,18,c052614c78214728bd60aae7d7c29ced,2025-07-14_15-51-07,1752522667,19.348111629486084,345.5846791267395,1607147,pouyan-XPS-15-9500,192.168.2.18,345.5846791267395,0,18,0.75,0.0,0.25,0.0,0.25,371.5,335.5,10197_00000,0_seed=0,"[307.74489122256864, 304.28734527113363, 216.675012877863, 303.48206015024505]","[406, 392, 300, 388]",43.444,23570.838,[2.01538054],[5.01538054],1800,1741824,1800,851,31.889285714285712,54.17857142857144,3.8705032,0.026708642,3.86309,-21.000414,0.0062008337,0.01144376,0.7868629,0.9807038,-2,-0.009383501,-1.8767416,-0.008324234,19.223877,0.09559747,-41.128376,-0.067649715,-0.022092253,0.01244894,3.8711057,-0.008015877
307.74489122256864,216.675012877863,286.3540316465866,378.2,1,0,1900,False,5,19,c052614c78214728bd60aae7d7c29ced,2025-07-14_15-51-25,1752522685,18.11678147315979,363.7014605998993,1607147,pouyan-XPS-15-9500,192.168.2.18,363.7014605998993,0,19,0.8,0.0,0.2,0.0,0.2,378.2,301.0,10197_00000,0_seed=0,"[299.58084871112226, 307.74489122256864, 304.28734527113363, 216.675012877863, 303.48206015024505]","[405, 406, 392, 300, 388]",44.829,22842.424,[12.23985926],[15.23985926],1900,1844224,1900,901,30.142307692307693,54.21153846153846,3.9550726,0.030106915,3.3444285,-22.128975,0.008768085,0.006941825,1.5601085,0.9852025,-2,-0.0017739445,-1.6567769,-0.009076823,16.225927,0.088740185,-31.820766,-0.08055239,-0.019059401,0.0170494,3.3517284,-0.0072998134
307.74489122256864,216.675012877863,286.35403164658646,378.2,0,0,2000,False,5,20,c052614c78214728bd60aae7d7c29ced,2025-07-14_15-51-44,1752522704,18.543497800827026,382.2449584007263,1607147,pouyan-XPS-15-9500,192.168.2.18,382.2449584007263,0,20,0.8,0.0,0.2,0.0,0.2,378.2,301.0,10197_00000,0_seed=0,"[307.74489122256864, 304.28734527113363, 216.675012877863, 303.48206015024505, 299.58084871112226]","[406, 392, 300, 388, 405]",45.977,22272.042,[12.23985926],[15.23985926],2000,1946624,2000,951,31.448148148148153,54.22222222222223,3.4956865,0.02661695,4.707704,-16.204813,0.007265478,0.003211054,1.5601085,0.98877054,-2,0.00076201913,-2.7484336,-0.0036677748,16.815321,0.15242702,-35.998943,-0.08263762,-0.014213711,0.014811967,4.7122355,-0.004531461
307.74489122256864,216.675012877863,286.35403164658646,378.2,0,0,2100,False,5,21,c052614c78214728bd60aae7d7c29ced,2025-07-14_15-52-03,1752522723,19.301329374313354,401.5462877750397,1607147,pouyan-XPS-15-9500,192.168.2.18,401.5462877750397,0,21,0.8,0.0,0.2,0.0,0.2,378.2,301.0,10197_00000,0_seed=0,"[307.74489122256864, 304.28734527113363, 216.675012877863, 303.48206015024505, 299.58084871112226]","[406, 392, 300, 388, 405]",44.253,23139.753,[12.23985926],[15.23985926],2100,2049024,2100,1001,32.588888888888896,54.266666666666666,3.9638658,0.034793638,4.9462843,-5.2959976,0.012887698,0.0030377042,1.5601085,0.9926579,-2,0.016188595,-3.358018,0.0009891042,14.824893,0.12313272,-37.28666,-0.06393402,-0.0078065386,0.023960983,4.9453373,0.00094659475
307.74489122256864,216.675012877863,286.35403164658646,378.2,0,0,2200,False,5,22,c052614c78214728bd60aae7d7c29ced,2025-07-14_15-52-22,1752522742,19.21659231185913,420.7628800868988,1607147,pouyan-XPS-15-9500,192.168.2.18,420.7628800868988,0,22,0.8,0.0,0.2,0.0,0.2,378.2,301.0,10197_00000,0_seed=0,"[307.74489122256864, 304.28734527113363, 216.675012877863, 303.48206015024505, 299.58084871112226]","[406, 392, 300, 388, 405]",45.206,22651.789,[12.23985926],[15.23985926],2200,2151424,2200,1051,32.29642857142857,54.22500000000001,3.509193,0.033811282,6.308759,-14.587548,0.013140019,0.00021182743,1.5601085,0.9957358,-2,0.023046248,-4.640744,-0.0062683234,13.19997,0.13232833,-36.52218,-0.08315507,-0.0021042451,0.025149552,6.314292,-0.005532803
307.74489122256864,216.675012877863,288.65655605501405,379.3333333333333,1,0,2300,False,6,23,c052614c78214728bd60aae7d7c29ced,2025-07-14_15-52-41,1752522761,18.278727769851685,439.0416078567505,1607147,pouyan-XPS-15-9500,192.168.2.18,439.0416078567505,0,23,0.8333333333333334,0.0,0.16666666666666666,0.0,0.16666666666666666,379.3333333333333,291.1666666666667,10197_00000,0_seed=0,"[300.16917809715187, 307.74489122256864, 304.28734527113363, 216.675012877863, 303.48206015024505, 299.58084871112226]","[385, 406, 392, 300, 388, 405]",47.669,21481.453,[18.90686798],[21.90686798],2300,2253824,2300,1101,29.25,54.23846153846154,3.7779357,0.040088996,5.9353056,-16.042728,0.011039406,0.0005657434,2.2871075,0.9977819,-2,0.026686378,-4.237319,0.022517052,11.828627,0.10156509,-34.911762,-0.06827941,0.0051426534,0.021595154,5.9122953,0.023010261
307.74489122256864,216.675012877863,288.65655605501405,379.3333333333333,0,0,2400,False,6,24,c052614c78214728bd60aae7d7c29ced,2025-07-14_15-53-00,1752522780,18.876323699951172,457.91793155670166,1607147,pouyan-XPS-15-9500,192.168.2.18,457.91793155670166,0,24,0.8333333333333334,0.0,0.16666666666666666,0.0,0.16666666666666666,379.3333333333333,291.1666666666667,10197_00000,0_seed=0,"[307.74489122256864, 304.28734527113363, 216.675012877863, 303.48206015024505, 299.58084871112226, 300.16917809715187]","[406, 392, 300, 388, 405, 385]",45.936,22291.763,[18.90686798],[21.90686798],2400,2356224,2400,1151,31.31111111111111,54.288888888888884,3.3651724,0.027154509,6.7741575,-23.137669,0.00581674,5.2695683e-05,2.2871075,0.9991983,-2,0.020503279,-4.9349003,0.023352921,13.028675,0.12276379,-32.805286,-0.06679852,0.010035718,0.010595902,6.7493715,0.024786634
307.74489122256864,216.675012877863,288.65655605501405,379.3333333333333,0,0,2500,False,6,25,c052614c78214728bd60aae7d7c29ced,2025-07-14_15-53-19,1752522799,19.561453819274902,477.47938537597656,1607147,pouyan-XPS-15-9500,192.168.2.18,477.47938537597656,0,25,0.8333333333333334,0.0,0.16666666666666666,0.0,0.16666666666666666,379.3333333333333,291.1666666666667,10197_00000,0_seed=0,"[307.74489122256864, 304.28734527113363, 216.675012877863, 303.48206015024505, 299.58084871112226, 300.16917809715187]","[406, 392, 300, 388, 405, 385]",45.487,22511.833,[18.90686798],[21.90686798],2500,2458624,2500,1201,32.64642857142857,54.29999999999999,3.4603515,0.0556197,7.3188267,-21.037128,0.008761732,-0.0001259025,2.2871075,1.0009525,-2,0.03215449,-5.4716287,0.05795572,12.546392,0.41806498,-33.67067,-0.03810955,0.016832292,0.015664827,7.260124,0.058703035
307.74489122256864,216.675012877863,288.65655605501405,379.3333333333333,0,0,2600,False,6,26,c052614c78214728bd60aae7d7c29ced,2025-07-14_15-53-39,1752522819,19.475022315979004,496.95440769195557,1607147,pouyan-XPS-15-9500,192.168.2.18,496.95440769195557,0,26,0.8333333333333334,0.0,0.16666666666666666,0.0,0.16666666666666666,379.3333333333333,291.1666666666667,10197_00000,0_seed=0,"[307.74489122256864, 304.28734527113363, 216.675012877863, 303.48206015024505, 299.58084871112226, 300.16917809715187]","[406, 392, 300, 388, 405, 385]",41.246,24826.53,[18.90686798],[21.90686798],2600,2561024,2600,1251,31.660714285714285,54.324999999999996,3.4451296,0.037529163,7.5639105,-21.948711,0.0073167095,-0.0007868701,2.2871075,1.0034127,-2,0.035865307,-5.781123,0.041523702,11.990177,0.08904847,-39.19301,-0.052107383,0.02135876,0.014906056,7.520113,0.043797556
307.74489122256864,216.675012877863,290.9279059858184,380.57142857142856,1,0,2700,False,7,27,c052614c78214728bd60aae7d7c29ced,2025-07-14_15-53-58,1752522838,18.499125957489014,515.4535336494446,1607147,pouyan-XPS-15-9500,192.168.2.18,515.4535336494446,0,27,0.8571428571428571,0.0,0.14285714285714285,0.0,0.14285714285714285,380.57142857142856,303.42857142857144,10197_00000,0_seed=0,"[304.5560055706443, 307.74489122256864, 304.28734527113363, 216.675012877863, 303.48206015024505, 299.58084871112226, 300.16917809715187]","[388, 406, 392, 300, 388, 405, 385]",46.113,22206.462,[14.43044154],[17.43044154],2700,2663424,2700,1301,29.68076923076923,54.29999999999999,3.253358,0.02543084,8.476403,-26.598518,0.0078450795,-0.000202833,2.019127,1.0059385,-2,0.043349802,-6.6115236,0.03189277,10.771092,0.28026816,-33.198036,-0.08547604,0.028778225,0.014977794,8.443634,0.032769203
307.74489122256864,216.675012877863,290.9279059858183,380.57142857142856,0,0,2800,False,7,28,c052614c78214728bd60aae7d7c29ced,2025-07-14_15-54-17,1752522857,18.999556064605713,534.4530897140503,1607147,pouyan-XPS-15-9500,192.168.2.18,534.4530897140503,0,28,0.8571428571428571,0.0,0.14285714285714285,0.0,0.14285714285714285,380.57142857142856,303.42857142857144,10197_00000,0_seed=0,"[307.74489122256864, 304.28734527113363, 216.675012877863, 303.48206015024505, 299.58084871112226, 300.16917809715187, 304.5560055706443]","[406, 392, 300, 388, 405, 385, 388]",45.51,22500.688,[14.43044154],[17.43044154],2800,2765824,2800,1351,30.751851851851857,54.30370370370369,3.6456704,0.029351298,7.820406,-17.675549,0.0108015295,-0.0008688794,2.019127,1.0087708,-2,0.050243996,-6.491002,0.03176751,11.077353,0.1152057,-41.784298,-0.0880179,0.031431586,0.019309828,7.788563,0.03184341
307.74489122256864,216.675012877863,290.9279059858183,380.57142857142856,0,0,2900,False,7,29,c052614c78214728bd60aae7d7c29ced,2025-07-14_15-54-37,1752522877,19.93225908279419,554.3853487968445,1607147,pouyan-XPS-15-9500,192.168.2.18,554.3853487968445,0,29,0.8571428571428571,0.0,0.14285714285714285,0.0,0.14285714285714285,380.57142857142856,303.42857142857144,10197_00000,0_seed=0,"[307.74489122256864, 304.28734527113363, 216.675012877863, 303.48206015024505, 299.58084871112226, 300.16917809715187, 304.5560055706443]","[406, 392, 300, 388, 405, 385, 388]",47.137,21724.088,[14.43044154],[17.43044154],2900,2868224,2900,1401,32.14137931034483,54.3103448275862,3.4086304,0.031731423,9.473199,-29.025934,0.0075498875,-0.0038150554,2.019127,1.0128335,-2,0.052953146,-7.7752876,0.051109474,10.806706,0.13610977,-41.660973,-0.0768422,0.038528897,0.014809535,9.420438,0.05276167
307.74489122256864,216.675012877863,290.9279059858183,380.57142857142856,0,0,3000,False,7,30,c052614c78214728bd60aae7d7c29ced,2025-07-14_15-54-56,1752522896,19.419861793518066,573.8052105903625,1607147,pouyan-XPS-15-9500,192.168.2.18,573.8052105903625,0,30,0.8571428571428571,0.0,0.14285714285714285,0.0,0.14285714285714285,380.57142857142856,303.42857142857144,10197_00000,0_seed=0,"[307.74489122256864, 304.28734527113363, 216.675012877863, 303.48206015024505, 299.58084871112226, 300.16917809715187, 304.5560055706443]","[406, 392, 300, 388, 405, 385, 388]",36.597,27980.298,[14.43044154],[17.43044154],3000,2970624,3000,1451,31.217857142857138,54.11071428571428,3.4103394,0.027030583,9.940703,-20.95657,0.0067512593,-0.0052823527,2.019127,1.0181019,-2,0.05603237,-8.406135,0.05180265,10.498254,0.2556502,-44.446217,-0.05333851,0.044113524,0.0125902835,9.885323,0.05538176
307.74489122256864,216.675012877863,292.7685379431259,381.25,1,0,3100,False,8,31,c052614c78214728bd60aae7d7c29ced,2025-07-14_15-55-15,1752522915,18.412668704986572,592.2178792953491,1607147,pouyan-XPS-15-9500,192.168.2.18,592.2178792953491,0,31,0.875,0.0,0.125,0.0,0.125,381.25,312.75,10197_00000,0_seed=0,"[305.6529616442786, 307.74489122256864, 304.28734527113363, 216.675012877863, 303.48206015024505, 299.58084871112226, 300.16917809715187, 304.5560055706443]","[386, 406, 392, 300, 388, 405, 385, 388]",46.394,22072.051,[4.09136581],[7.09136581],3100,3073024,3100,1501,30.203846153846158,54.12307692307694,3.6151967,0.025376033,9.753294,-28.558807,0.0053144316,-0.01252647,1.2295789,1.0237879,-2,0.060441818,-8.187429,0.05744264,12.65159,0.34827182,-43.944275,-0.08222732,0.049593717,0.01134404,9.692543,0.060750432
307.74489122256864,216.675012877863,292.7685379431259,381.25,0,0,3200,False,8,32,c052614c78214728bd60aae7d7c29ced,2025-07-14_15-55-34,1752522934,19.04135251045227,611.2592318058014,1607147,pouyan-XPS-15-9500,192.168.2.18,611.2592318058014,0,32,0.875,0.0,0.125,0.0,0.125,381.25,312.75,10197_00000,0_seed=0,"[307.74489122256864, 304.28734527113363, 216.675012877863, 303.48206015024505, 299.58084871112226, 300.16917809715187, 304.5560055706443, 305.6529616442786]","[406, 392, 300, 388, 405, 385, 388, 386]",45.817,22349.879,[4.09136581],[7.09136581],3200,3175424,3200,1551,31.18571428571428,54.228571428571435,3.4342327,0.027086968,10.652908,-19.164757,0.008568423,-0.013499172,1.2295789,1.0303828,-2,0.06697399,-9.100769,0.050687812,12.964048,0.3460511,-35.490086,-0.056644656,0.05227871,0.015637156,10.600853,0.052055955
307.74489122256864,216.675012877863,292.7685379431259,381.25,0,0,3300,False,8,33,c052614c78214728bd60aae7d7c29ced,2025-07-14_15-55-54,1752522954,19.940943717956543,631.2001755237579,1607147,pouyan-XPS-15-9500,192.168.2.18,631.2001755237579,0,33,0.875,0.0,0.125,0.0,0.125,381.25,312.75,10197_00000,0_seed=0,"[307.74489122256864, 304.28734527113363, 216.675012877863, 303.48206015024505, 299.58084871112226, 300.16917809715187, 304.5560055706443, 305.6529616442786]","[406, 392, 300, 388, 405, 385, 388, 386]",46.586,21980.768,[4.09136581],[7.09136581],3300,3277824,3300,1601,31.860714285714288,54.1392857142857,3.714724,0.02034354,10.584729,-27.992767,0.0038706828,-0.020788524,1.2295789,1.0377932,-2,0.06380458,-8.967507,0.06266722,13.774035,0.32019758,-40.622387,-0.07124448,0.05703617,0.0075595784,10.5198555,0.064874664
307.74489122256864,216.675012877863,292.7685379431259,381.25,0,0,3400,False,8,34,c052614c78214728bd60aae7d7c29ced,2025-07-14_15-56-13,1752522973,19.368358612060547,650.5685341358185,1607147,pouyan-XPS-15-9500,192.168.2.18,650.5685341358185,0,34,0.875,0.0,0.125,0.0,0.125,381.25,312.75,10197_00000,0_seed=0,"[307.74489122256864, 304.28734527113363, 216.675012877863, 303.48206015024505, 299.58084871112226, 300.16917809715187, 304.5560055706443, 305.6529616442786]","[406, 392, 300, 388, 405, 385, 388, 386]",33.785,30309.022,[4.09136581],[7.09136581],3400,3380224,3400,1651,30.067857142857143,54.124999999999986,3.5445998,0.025722884,11.382152,-17.229671,0.0056538703,-0.016754722,1.2295789,1.046366,-2,0.07084805,-9.928828,0.07184601,12.394917,0.31367588,-53.987232,-0.042286035,0.059799463,0.01180361,11.312742,0.069408245
307.74489122256864,216.675012877863,293.9374360964617,381.77777777777777,1,0,3500,False,9,35,c052614c78214728bd60aae7d7c29ced,2025-07-14_15-56-32,1752522992,18.320082902908325,668.8886170387268,1607147,pouyan-XPS-15-9500,192.168.2.18,668.8886170387268,0,35,0.8888888888888888,0.0,0.1111111111111111,0.0,0.1111111111111111,381.77777777777777,320.0,10197_00000,0_seed=0,"[303.288621323148, 307.74489122256864, 304.28734527113363, 216.675012877863, 303.48206015024505, 299.58084871112226, 300.16917809715187, 304.5560055706443, 305.6529616442786]","[386, 406, 392, 300, 388, 405, 385, 388, 386]",45.652,22430.64,[-2.0292081],[0.9707919],3500,3482624,3500,1701,31.515384615384615,54.130769230769225,3.9607456,0.027289845,10.267152,-17.340382,0.0064092353,-0.020982776,0.8266878,1.0543202,-2,0.08247736,-8.798591,0.07831137,14.233464,0.38666943,-53.92696,-0.08296036,0.0715725,0.011694988,10.187788,0.07936352
307.74489122256864,216.675012877863,293.93743609646174,381.77777777777777,0,0,3600,False,9,36,c052614c78214728bd60aae7d7c29ced,2025-07-14_15-56-51,1752523011,18.993194103240967,687.8818111419678,1607147,pouyan-XPS-15-9500,192.168.2.18,687.8818111419678,0,36,0.8888888888888888,0.0,0.1111111111111111,0.0,0.1111111111111111,381.77777777777777,320.0,10197_00000,0_seed=0,"[307.74489122256864, 304.28734527113363, 216.675012877863, 303.48206015024505, 299.58084871112226, 300.16917809715187, 304.5560055706443, 305.6529616442786, 303.288621323148]","[406, 392, 300, 388, 405, 385, 388, 386, 386]",44.781,22866.735,[-2.0292081],[0.9707919],3600,3585024,3600,1751,29.13703703703704,54.14074074074073,3.386657,0.038523752,11.502646,-36.627758,0.007790868,-0.026833352,0.8266878,1.062309,-2,0.08406554,-9.576505,0.09201754,13.981944,0.348079,-55.799873,-0.05844655,0.070917375,0.014122961,11.409583,0.09306362
307.74489122256864,216.675012877863,293.93743609646174,381.77777777777777,0,0,3700,False,9,37,c052614c78214728bd60aae7d7c29ced,2025-07-14_15-57-11,1752523031,19.875729084014893,707.7575402259827,1607147,pouyan-XPS-15-9500,192.168.2.18,707.7575402259827,0,37,0.8888888888888888,0.0,0.1111111111111111,0.0,0.1111111111111111,381.77777777777777,320.0,10197_00000,0_seed=0,"[307.74489122256864, 304.28734527113363, 216.675012877863, 303.48206015024505, 299.58084871112226, 300.16917809715187, 304.5560055706443, 305.6529616442786, 303.288621323148]","[406, 392, 300, 388, 405, 385, 388, 386, 386]",45.439,22535.87,[-2.0292081],[0.9707919],3700,3687424,3700,1801,32.334482758620695,54.17586206896551,3.9789953,0.037133735,11.961494,-32.2268,0.0091269985,-0.047702506,0.8266878,1.0721042,-2,0.090460986,-9.921413,0.09112702,15.111954,0.33954516,-53.868267,-0.03538031,0.07583125,0.015543993,11.867647,0.09384671
307.74489122256864,171.09757105102074,281.6534495919176,371.2,1,0,3800,False,10,38,c052614c78214728bd60aae7d7c29ced,2025-07-14_15-57-30,1752523050,19.043496131896973,726.8010363578796,1607147,pouyan-XPS-15-9500,192.168.2.18,726.8010363578796,0,38,0.8,0.0,0.2,0.0,0.2,371.2,294.2,10197_00000,0_seed=0,"[171.09757105102074, 307.74489122256864, 304.28734527113363, 216.675012877863, 303.48206015024505, 299.58084871112226, 300.16917809715187, 304.5560055706443, 305.6529616442786, 303.288621323148]","[276, 406, 392, 300, 388, 405, 385, 388, 386, 386]",27.321,37480.81,[0.74227873],[3.74227873],3800,3789824,3800,1851,30.96666666666667,54.14074074074073,4.1072526,0.030412305,12.735139,-30.381805,0.0066010673,-0.04855907,0.9965757,1.0830796,-2,0.08649957,-10.842524,0.09271756,15.809063,0.38810715,-55.704975,-0.074129626,0.07759686,0.009795275,12.642108,0.09303099
307.74489122256864,171.09757105102074,281.6534495919176,371.2,0,0,3900,False,10,39,c052614c78214728bd60aae7d7c29ced,2025-07-14_15-57-50,1752523070,19.48794460296631,746.288980960846,1607147,pouyan-XPS-15-9500,192.168.2.18,746.288980960846,0,39,0.8,0.0,0.2,0.0,0.2,371.2,294.2,10197_00000,0_seed=0,"[307.74489122256864, 304.28734527113363, 216.675012877863, 303.48206015024505, 299.58084871112226, 300.16917809715187, 304.5560055706443, 305.6529616442786, 303.288621323148, 171.09757105102074]","[406, 392, 300, 388, 405, 385, 388, 386, 386, 276]",47.109,21736.797,[0.74227873],[3.74227873],3900,3892224,3900,1901,32.43571428571429,54.19642857142859,3.6308455,0.034444887,14.63317,-27.313805,0.010082535,-0.042682275,0.9965757,1.0947089,-2,0.09981501,-12.514989,0.07384436,14.415523,0.41763905,-56.8699,-0.104282364,0.082478195,0.018456979,14.557661,0.07550972
307.74489122256864,171.09757105102074,281.6534495919176,371.2,0,0,4000,False,10,40,c052614c78214728bd60aae7d7c29ced,2025-07-14_15-58-10,1752523090,19.97774338722229,766.2667243480682,1607147,pouyan-XPS-15-9500,192.168.2.18,766.2667243480682,0,40,0.8,0.0,0.2,0.0,0.2,371.2,294.2,10197_00000,0_seed=0,"[307.74489122256864, 304.28734527113363, 216.675012877863, 303.48206015024505, 299.58084871112226, 300.16917809715187, 304.5560055706443, 305.6529616442786, 303.288621323148, 171.09757105102074]","[406, 392, 300, 388, 405, 385, 388, 386, 386, 276]",47.288,21654.58,[0.74227873],[3.74227873],4000,3994624,4000,1951,31.565517241379315,54.14482758620688,3.96785,0.035225302,13.995693,-24.63227,0.0091527505,-0.06887086,0.9965757,1.1068126,-2,0.10050443,-11.952973,0.099121794,16.557533,0.40939197,-57.461258,-0.04587327,0.08569519,0.0160576,13.894663,0.10102979
305.75155151254944,171.09757105102074,281.45411562091573,369.3,1,0,4100,False,11,41,c052614c78214728bd60aae7d7c29ced,2025-07-14_15-58-29,1752523109,18.76004695892334,785.0267713069916,1607147,pouyan-XPS-15-9500,192.168.2.18,785.0267713069916,0,41,0.8,0.0,0.2,0.0,0.2,369.3,293.2,10197_00000,0_seed=0,"[305.75155151254944, 304.28734527113363, 216.675012877863, 303.48206015024505, 299.58084871112226, 300.16917809715187, 304.5560055706443, 305.6529616442786, 303.288621323148, 171.09757105102074]","[387, 392, 300, 388, 405, 385, 388, 386, 386, 276]",38.26,26764.523,[1.40250619],[4.40250619],4100,4097024,4100,2001,28.622222222222224,54.22592592592593,3.8572369,0.031239789,14.207002,-18.098562,0.007425711,-0.044180445,1.0478153,1.1181557,-2,0.10210113,-12.20717,0.09912674,16.464529,0.44212237,-57.711662,-0.08452531,0.089665994,0.013658406,14.104794,0.10220793
305.75155151254944,171.09757105102074,281.4541156209157,369.3,0,0,4200,False,11,42,c052614c78214728bd60aae7d7c29ced,2025-07-14_15-58-48,1752523128,18.88154911994934,803.9083204269409,1607147,pouyan-XPS-15-9500,192.168.2.18,803.9083204269409,0,42,0.8,0.0,0.2,0.0,0.2,369.3,293.2,10197_00000,0_seed=0,"[304.28734527113363, 216.675012877863, 303.48206015024505, 299.58084871112226, 300.16917809715187, 304.5560055706443, 305.6529616442786, 303.288621323148, 171.09757105102074, 305.75155151254944]","[392, 300, 388, 405, 385, 388, 386, 386, 276, 387]",44.28,23125.674,[1.40250619],[4.40250619],4200,4199424,4200,2051,30.54074074074074,54.229629629629635,3.6930683,0.030785523,14.836948,-36.27024,0.00478695,-0.058513448,1.0478153,1.1292584,-2,0.10069719,-12.730625,0.11009948,15.796428,0.4738018,-64.294075,-0.046382986,0.09358394,0.008149596,14.723209,0.113739595
305.75155151254944,171.09757105102074,281.4541156209157,369.3,0,0,4300,False,11,43,c052614c78214728bd60aae7d7c29ced,2025-07-14_15-59-07,1752523147,19.680943965911865,823.5892643928528,1607147,pouyan-XPS-15-9500,192.168.2.18,823.5892643928528,0,43,0.8,0.0,0.2,0.0,0.2,369.3,293.2,10197_00000,0_seed=0,"[304.28734527113363, 216.675012877863, 303.48206015024505, 299.58084871112226, 300.16917809715187, 304.5560055706443, 305.6529616442786, 303.288621323148, 171.09757105102074, 305.75155151254944]","[392, 300, 388, 405, 385, 388, 386, 386, 276, 387]",49.262,20786.753,[1.40250619],[4.40250619],4300,4301824,4300,2101,32.64642857142857,54.210714285714296,3.7878728,0.037018873,16.042887,-23.264782,0.009266263,-0.058455467,1.0478153,1.1407113,-2,0.114061385,-14.024227,0.107205,16.336426,0.42514247,-64.059425,-0.071491666,0.09692104,0.01878974,15.937212,0.10567488
305.75155151254944,171.09757105102074,281.4541156209157,369.3,0,0,4400,False,11,44,c052614c78214728bd60aae7d7c29ced,2025-07-14_15-59-28,1752523168,20.349830150604248,843.939094543457,1607147,pouyan-XPS-15-9500,192.168.2.18,843.939094543457,0,44,0.8,0.0,0.2,0.0,0.2,369.3,293.2,10197_00000,0_seed=0,"[304.28734527113363, 216.675012877863, 303.48206015024505, 299.58084871112226, 300.16917809715187, 304.5560055706443, 305.6529616442786, 303.288621323148, 171.09757105102074, 305.75155151254944]","[392, 300, 388, 405, 385, 388, 386, 386, 276, 387]",46.079,22222.812,[1.40250619],[4.40250619],4400,4404224,4400,2151,32.00344827586206,54.21724137931035,3.4879227,0.030563463,16.911922,-26.938091,0.0054603308,-0.05556032,1.0478153,1.1512684,-2,0.109337166,-14.260495,0.110127375,18.515757,0.46456137,-55.10434,-0.04711928,0.09985575,0.0105863605,16.798618,0.113305606
305.75155151254944,171.09757105102074,281.4541156209157,369.3,0,0,4500,False,11,45,c052614c78214728bd60aae7d7c29ced,2025-07-14_15-59-47,1752523187,19.29328966140747,863.2323842048645,1607147,pouyan-XPS-15-9500,192.168.2.18,863.2323842048645,0,45,0.8,0.0,0.2,0.0,0.2,369.3,293.2,10197_00000,0_seed=0,"[304.28734527113363, 216.675012877863, 303.48206015024505, 299.58084871112226, 300.16917809715187, 304.5560055706443, 305.6529616442786, 303.288621323148, 171.09757105102074, 305.75155151254944]","[392, 300, 388, 405, 385, 388, 386, 386, 276, 387]",28.913,35417.094,[1.40250619],[4.40250619],4500,4506624,4500,2201,28.932142857142853,54.22500000000001,4.1743617,0.028952736,17.62673,-20.464603,0.007146542,-0.072690874,1.0478153,1.161957,-2,0.11320528,-15.414249,0.112044685,19.18814,0.47986957,-61.41062,-0.0822351,0.10332062,0.011577335,17.514498,0.112232596
305.75155151254944,171.09757105102074,281.1767857016583,374.0,1,0,4600,False,12,46,c052614c78214728bd60aae7d7c29ced,2025-07-14_16-00-06,1752523206,18.3808913230896,881.6132755279541,1607147,pouyan-XPS-15-9500,192.168.2.18,881.6132755279541,0,46,0.8,0.0,0.2,0.0,0.2,374.0,290.0,10197_00000,0_seed=0,"[301.51404607855955, 216.675012877863, 303.48206015024505, 299.58084871112226, 300.16917809715187, 304.5560055706443, 305.6529616442786, 303.288621323148, 171.09757105102074, 305.75155151254944]","[439, 300, 388, 405, 385, 388, 386, 386, 276, 387]",45.92,22299.436,[6.56353315],[9.56353315],4600,4609024,4600,2251,31.203846153846158,54.25384615384615,3.5820277,0.02978592,19.03705,-27.75439,0.007514508,-0.08739273,1.4615062,1.1714602,-2,0.12082303,-16.52414,0.11487973,18.172941,0.45463225,-54.095356,-0.08377116,0.10793935,0.014052626,18.924976,0.11207503
305.75155151254944,171.09757105102074,281.17678570165833,374.0,0,0,4700,False,12,47,c052614c78214728bd60aae7d7c29ced,2025-07-14_16-00-25,1752523225,19.372610569000244,900.9858860969543,1607147,pouyan-XPS-15-9500,192.168.2.18,900.9858860969543,0,47,0.8,0.0,0.2,0.0,0.2,374.0,290.0,10197_00000,0_seed=0,"[216.675012877863, 303.48206015024505, 299.58084871112226, 300.16917809715187, 304.5560055706443, 305.6529616442786, 303.288621323148, 171.09757105102074, 305.75155151254944, 301.51404607855955]","[300, 388, 405, 385, 388, 386, 386, 276, 387, 439]",44.308,23110.829,[6.56353315],[9.56353315],4700,4711424,4700,2301,30.496428571428574,54.29999999999999,3.6239707,0.030950973,19.478273,-39.07051,0.006348418,-0.08226614,1.4615062,1.1814688,-2,0.11973427,-16.515154,0.124595515,18.774624,0.5237539,-68.82213,-0.07813966,0.11135433,0.009922294,19.355122,0.123151295
305.75155151254944,171.09757105102074,281.17678570165833,374.0,0,0,4800,False,12,48,c052614c78214728bd60aae7d7c29ced,2025-07-14_16-00-46,1752523246,20.1862735748291,921.1721596717834,1607147,pouyan-XPS-15-9500,192.168.2.18,921.1721596717834,0,48,0.8,0.0,0.2,0.0,0.2,374.0,290.0,10197_00000,0_seed=0,"[216.675012877863, 303.48206015024505, 299.58084871112226, 300.16917809715187, 304.5560055706443, 305.6529616442786, 303.288621323148, 171.09757105102074, 305.75155151254944, 301.51404607855955]","[300, 388, 405, 385, 388, 386, 386, 276, 387, 439]",43.899,23326.506,[6.56353315],[9.56353315],4800,4813824,4800,2351,31.948275862068964,54.31379310344826,4.19147,0.030603606,18.485323,-27.662104,0.007400425,-0.06564637,1.4615062,1.1918857,-2,0.12919068,-16.036432,0.12550116,18.222612,0.52023315,-68.89934,-0.08835593,0.11780748,0.012675462,18.366152,0.11917043
305.75155151254944,171.09757105102074,281.17678570165833,374.0,0,0,4900,False,12,49,c052614c78214728bd60aae7d7c29ced,2025-07-14_16-01-05,1752523265,19.368621826171875,940.5407814979553,1607147,pouyan-XPS-15-9500,192.168.2.18,940.5407814979553,0,49,0.8,0.0,0.2,0.0,0.2,374.0,290.0,10197_00000,0_seed=0,"[216.675012877863, 303.48206015024505, 299.58084871112226, 300.16917809715187, 304.5560055706443, 305.6529616442786, 303.288621323148, 171.09757105102074, 305.75155151254944, 301.51404607855955]","[300, 388, 405, 385, 388, 386, 386, 276, 387, 439]",28.869,35470.036,[6.56353315],[9.56353315],4900,4916224,4900,2401,28.37037037037037,54.27777777777777,3.9066126,0.0360848,18.9251,-30.96976,0.012556052,-0.09556537,1.4615062,1.2026166,-2,0.13811381,-16.347183,0.122952566,21.644659,0.6178677,-61.783936,-0.07615985,0.12252197,0.01795491,18.800537,0.12456288
305.75155151254944,171.09757105102074,289.9309760354273,382.7,1,0,5000,False,13,50,c052614c78214728bd60aae7d7c29ced,2025-07-14_16-01-24,1752523284,18.46040415763855,959.0011856555939,1607147,pouyan-XPS-15-9500,192.168.2.18,959.0011856555939,0,50,0.9,0.0,0.1,0.0,0.1,382.7,299.0,10197_00000,0_seed=0,"[304.2169162155522, 303.48206015024505, 299.58084871112226, 300.16917809715187, 304.5560055706443, 305.6529616442786, 303.288621323148, 171.09757105102074, 305.75155151254944, 301.51404607855955]","[387, 388, 405, 385, 388, 386, 386, 276, 387, 439]",28.094,36449.18,[4.0716184],[7.0716184],5000,5018624,5000,2451,30.72592592592592,54.281481481481485,3.4580522,0.029760795,21.442072,-36.989887,0.005139959,-0.09944773,1.3053871,1.2133257,-2,0.12714517,-18.126446,0.13791642,19.511078,0.62084436,-60.454903,-0.078364365,0.120535575,0.007993962,21.30569,0.13637994
305.75155151254944,171.09757105102074,289.9309760354272,382.7,0,0,5100,False,13,51,c052614c78214728bd60aae7d7c29ced,2025-07-14_16-01-43,1752523303,19.361304998397827,978.3624906539917,1607147,pouyan-XPS-15-9500,192.168.2.18,978.3624906539917,0,51,0.9,0.0,0.1,0.0,0.1,382.7,299.0,10197_00000,0_seed=0,"[303.48206015024505, 299.58084871112226, 300.16917809715187, 304.5560055706443, 305.6529616442786, 303.288621323148, 171.09757105102074, 305.75155151254944, 301.51404607855955, 304.2169162155522]","[388, 405, 385, 388, 386, 386, 276, 387, 439, 387]",46.267,22132.344,[4.0716184],[7.0716184],5100,5121024,5100,2501,31.2,54.296428571428564,4.1624174,0.037147164,22.224113,-22.167007,0.008585285,-0.099037886,1.3053871,1.2259122,-2,0.13826814,-19.21606,0.14036171,19.85784,0.6626482,-70.92271,-0.061571427,0.12518056,0.014697416,22.08604,0.13807145
305.75155151254944,171.09757105102074,277.51159312287893,368.9,1,0,5200,False,14,52,c052614c78214728bd60aae7d7c29ced,2025-07-14_16-02-00,1752523320,16.30120849609375,994.6636991500854,1607147,pouyan-XPS-15-9500,192.168.2.18,994.6636991500854,0,52,0.8,0.0,0.2,0.0,0.2,368.9,273.5,10197_00000,0_seed=0,"[179.28823102476207, 299.58084871112226, 300.16917809715187, 304.5560055706443, 305.6529616442786, 303.288621323148, 171.09757105102074, 305.75155151254944, 301.51404607855955, 304.2169162155522]","[250, 405, 385, 388, 386, 386, 276, 387, 439, 387]",25.327,40430.87,[4.06947072],[7.06947072],5200,5223424,5200,2551,32.00434782608695,54.29565217391305,3.734427,0.033469036,22.336037,-23.719376,0.0048673972,-0.1074556,1.3350551,1.2395557,-2,0.13386974,-19.158745,0.14826038,21.061016,0.68889844,-66.76356,-0.06770587,0.12861323,0.0069016507,22.188862,0.1471745
305.75155151254944,171.09757105102074,277.51159312287893,368.9,0,0,5300,False,14,53,c052614c78214728bd60aae7d7c29ced,2025-07-14_16-02-13,1752523333,12.885760068893433,1007.5494592189789,1607147,pouyan-XPS-15-9500,192.168.2.18,1007.5494592189789,0,53,0.8,0.0,0.2,0.0,0.2,368.9,273.5,10197_00000,0_seed=0,"[299.58084871112226, 300.16917809715187, 304.5560055706443, 305.6529616442786, 303.288621323148, 171.09757105102074, 305.75155151254944, 301.51404607855955, 304.2169162155522, 179.28823102476207]","[405, 385, 388, 386, 386, 276, 387, 439, 387, 250]",23.904,42837.866,[4.06947072],[7.06947072],5300,5325824,5300,2601,30.26842105263158,54.21052631578949,3.9348168,0.042057578,22.017746,-36.263336,0.012671486,-0.13808963,1.3350551,1.2526436,-2,0.15452164,-18.80735,0.13020994,19.016165,0.5177722,-69.78745,-0.101702996,0.13880476,0.017463174,21.886425,0.13132024
305.75155151254944,171.09757105102074,277.51159312287893,368.9,0,0,5400,False,14,54,c052614c78214728bd60aae7d7c29ced,2025-07-14_16-02-28,1752523348,15.348835706710815,1022.8982949256897,1607147,pouyan-XPS-15-9500,192.168.2.18,1022.8982949256897,0,54,0.8,0.0,0.2,0.0,0.2,368.9,273.5,10197_00000,0_seed=0,"[299.58084871112226, 300.16917809715187, 304.5560055706443, 305.6529616442786, 303.288621323148, 171.09757105102074, 305.75155151254944, 301.51404607855955, 304.2169162155522, 179.28823102476207]","[405, 385, 388, 386, 386, 276, 387, 439, 387, 250]",41.799,24497.902,[4.06947072],[7.06947072],5400,5428224,5400,2651,30.881818181818186,54.20000000000002,3.553205,0.030932995,22.671604,-31.241632,0.0062186895,-0.0765349,1.3350551,1.263538,-2,0.16470596,-19.322102,0.15711555,21.235867,0.7839623,-72.78973,-0.08710295,0.15471387,0.0118085,22.514603,0.15700254
305.75155151254944,171.09757105102074,277.51159312287893,368.9,0,0,5500,False,14,55,c052614c78214728bd60aae7d7c29ced,2025-07-14_16-02-46,1752523366,17.921594619750977,1040.8198895454407,1607147,pouyan-XPS-15-9500,192.168.2.18,1040.8198895454407,0,55,0.8,0.0,0.2,0.0,0.2,368.9,273.5,10197_00000,0_seed=0,"[299.58084871112226, 300.16917809715187, 304.5560055706443, 305.6529616442786, 303.288621323148, 171.09757105102074, 305.75155151254944, 301.51404607855955, 304.2169162155522, 179.28823102476207]","[405, 385, 388, 386, 386, 276, 387, 439, 387, 250]",27.65,37033.785,[4.06947072],[7.06947072],5500,5530624,5500,2701,27.673076923076923,54.23076923076923,3.735165,0.042660166,23.206396,-23.83501,0.015138199,-0.09573947,1.3350551,1.2735131,-2,0.1763205,-19.845592,0.15552014,23.566679,0.703327,-86.571625,-0.08944273,0.1574482,0.020564348,23.058163,0.14823455
305.75155151254944,171.09757105102074,277.51159312287893,368.9,0,0,5600,False,14,56,c052614c78214728bd60aae7d7c29ced,2025-07-14_16-03-04,1752523384,17.376485347747803,1058.1963748931885,1607147,pouyan-XPS-15-9500,192.168.2.18,1058.1963748931885,0,56,0.8,0.0,0.2,0.0,0.2,368.9,273.5,10197_00000,0_seed=0,"[299.58084871112226, 300.16917809715187, 304.5560055706443, 305.6529616442786, 303.288621323148, 171.09757105102074, 305.75155151254944, 301.51404607855955, 304.2169162155522, 179.28823102476207]","[405, 385, 388, 386, 386, 276, 387, 439, 387, 250]",26.685,38374.167,[4.06947072],[7.06947072],5600,5633024,5600,2751,25.94,54.275999999999996,4.248819,0.04118309,21.702143,-35.21391,0.009844158,-0.09851095,1.3350551,1.2832664,-2,0.18461464,-18.590656,0.1866023,22.179327,0.6327397,-82.538315,-0.06912531,0.17242324,0.0143746305,21.520426,0.18171638
305.75155151254944,171.09757105102074,277.51159312287893,368.9,0,0,5700,False,14,57,c052614c78214728bd60aae7d7c29ced,2025-07-14_16-03-21,1752523401,17.29493498802185,1075.4913098812103,1607147,pouyan-XPS-15-9500,192.168.2.18,1075.4913098812103,0,57,0.8,0.0,0.2,0.0,0.2,368.9,273.5,10197_00000,0_seed=0,"[299.58084871112226, 300.16917809715187, 304.5560055706443, 305.6529616442786, 303.288621323148, 171.09757105102074, 305.75155151254944, 301.51404607855955, 304.2169162155522, 179.28823102476207]","[405, 385, 388, 386, 386, 276, 387, 439, 387, 250]",26.665,38402.337,[4.06947072],[7.06947072],5700,5735424,5700,2801,28.22083333333333,54.39166666666666,4.4009566,0.05480157,21.84415,-28.860783,0.012299829,-0.043720342,1.3350551,1.292506,-2,0.1924214,-18.601038,0.2002193,24.778698,0.72486657,-82.01113,-0.059970554,0.17743494,0.017097257,21.644587,0.19956306
305.75155151254944,171.09757105102074,277.51159312287893,368.9,0,0,5800,False,14,58,c052614c78214728bd60aae7d7c29ced,2025-07-14_16-03-38,1752523418,17.04757833480835,1092.5388882160187,1607147,pouyan-XPS-15-9500,192.168.2.18,1092.5388882160187,0,58,0.8,0.0,0.2,0.0,0.2,368.9,273.5,10197_00000,0_seed=0,"[299.58084871112226, 300.16917809715187, 304.5560055706443, 305.6529616442786, 303.288621323148, 171.09757105102074, 305.75155151254944, 301.51404607855955, 304.2169162155522, 179.28823102476207]","[405, 385, 388, 386, 386, 276, 387, 439, 387, 250]",27.489,37251.53,[4.06947072],[7.06947072],5800,5837824,5800,2851,27.48,54.355999999999995,4.250263,0.04998929,22.614632,-41.138275,0.0098855365,-0.07481399,1.3350551,1.3007847,-2,0.19560203,-19.330147,0.20051804,21.77164,0.65508854,-81.27133,-0.06365985,0.18256973,0.015485344,22.41333,0.20130265
